[
  {
    "id": "1",
    "title": "Robbien Brid Story",
    "img": "https://img.freepik.com/premium-vector/bird-cartoon-branch_119631-154.jpg?w=900",
    "storyLine": "A bird sitting on a tree is never afraid of the branch breaking, because her trust is not in the branch but in her own wings. Always believe in Yourself."
  },
  {
    "id": "2",
    "title": "A Lion And Tha Mouse",
    "img": "https://infinitylearn.com/surge/wp-content/uploads/2023/11/MicrosoftTeams-image-53-1.jpg",
    "storyLine": " Once upon a time. There lived a lion and a mouse. One day the lion was sleeping. The mouse started playing on it. The lion woke up.He caught up the mouse and was going to kill. The mouse requested for forgiveness. The lion let him go. After some days the lion caught in a net. The mouse cut the net with his teeth.The lion was free. He thanked the mouse. MORAL: DO GOOD HAVE GOOD  "
  },
  {
    "id": "3",
    "title": "Strenth Of Littele Things",
    "img": "https://i.pinimg.com/736x/5e/b4/7b/5eb47be6e76b173b705156eef6d1117b.jpg",
    "storyLine": "Once there was a small ant who dreamed of climbing the tallest tree in the forest. Despite being laughed at by others, it persisted. With unwavering determination and hard work, it finally reached the top, teaching everyone that even the smallest creatures can achieve great heights with perseverance."
  }
]
